"ID","text","Requirement","target","nature","interpretability","[Motivation for ambiguity]","reference","Logic rule","Comments"
"K56589","Genomföringar och anslutningar ska vara utformade så att två stycken 95 mm² 3-fas kablar kan anslutas.","Feedthroughs and connections must be designed so that two 95 mm² 3-phase cables can be connected.","Product","Quantitative","Non-ambiguous",,"No reference","Yes",
"K49368","Kontakt i motorkrets ska kunna sluta och bryta ström hos fastbromsad motor.","Contact in the motor circuit must be able to close and break current with the motor braked.","Product","Qualitative","Non-ambiguous",,"No reference","Yes",
"K99788","I ärende för kontroll ska följande uppgifter anges: · Trafikverkets projektnummer och projektnamn · Trafikverkets konstruktionsnamn och konstruktionsnummer på den geokonstruktion som avses · vilka dokument och versioner av dessa som avses · länk till lagringsplats för handlingar som lagts in i databas · vilken typ av kontroll som avses · det av handling upprättande företagets namn · datering · daterad underskrift · kontaktuppgift för Trafikverkets projektledare · kontaktuppgift för Trafikverkets kontraktspart · kontaktuppgift för Trafikverkets teknikstöd för geoteknik · kontaktuppgift för det av handling upprättande företagets uppdragsledare K99789 Handling i ärende för kontroll ska vara kvalitetssäkrad, komplett och färdig.","In case of inspection, the following information must be provided: · The Swedish Transport Administration's project number and project name · The Swedish Transport Administration's construction name and construction number of the geoconstruction in question · which documents and versions of these are in question · link to the storage location for documents entered into the database · which type of control refers to · the name of the company drawing up the document · date · dated signature · contact details for the Swedish Transport Administration's project manager · contact details for the Swedish Transport Administration's contracting party · contact details for the Swedish Transport Administration's technical support for geotechnics · contact details for the task manager of the company drawing up the document K99789 Document in case for inspection must be quality assured, complete and done.","Documentation","Qualitative","Non-ambiguous",,"No reference","Yes",
"K55818","Säkerhetsutrustning ska innefatta objekt enligt tabell 1.","Safety equipment must include items according to table 1.","Product","Qualitative","Non-ambiguous",,"Local","Yes",
"K46926","Dörrar av stål ska vara målade i kulör ljusgrå enligt tillverkarens standard.","Steel doors must be painted light gray according to the manufacturer's standard.","Product","Qualitative","Ambiguous (artificial)","This requirement could be made unambiguous by specifying the color using a standard way (e.g. Pantone). The question is whether this clarity is wanted or if natural ambiguity is fine here. The reason for natural ambiguity is to allow for solution openness. In this case, the color is not a matter of solution openness (what is the problem that is solved?), but simply underspecification.","External","Yes",
"K195661","Fundament som inte står i skydd av vägräcke eller dylikt ska placeras så att inte någon del av fundamentets överyta blir belägen högre än 0,1 m över färdig mark.","Foundations that are not protected by road railings or the like must be placed so that no part of the foundation's upper surface is located higher than 0.1 m above finished ground.","Product","Quantitative","Ambiguous (artificial)","Unclear what ""or the like"" / ""dylikt"" refers to. This can be many things and interpreted differently by different suppliers.","No reference","Yes",
"K151598","Slänter och koner ska vara fria från buskar och sly, med en diameter som är mindre än 0,10 m, och som är högre än 0,5 m över markytan.","Slopes and cones must be free of bushes and sly, with a diameter that is less than 0.10 m, and that is higher than 0.5 m above the ground surface.","Product","Mixed","Ambiguous (artificial)","Validation input: Hard to know what slanter och koner, buskar or sly refer to. ","No reference","Yes",
"K157806","Jordens halt av stora block (> 630 mm) ska anges om den bedöms överstiga 1 viktprocent.","The soil's content of large blocks (> 630 mm) must be stated if it is judged to exceed 1% by weight.","Documentation","Quantitative","Ambiguous (artificial)","There are two aspects that are ambiguous. (1) The dimension of 630mm is not specified (length, diameter, circumference of the block, or something else?). (2) It is not clear where this fact must be documented.","No reference","Yes",
"K12652","Märkskyltar för MCS-portaler ska vara 450 mm breda.","Name plates for MCS portals must be 450 mm wide.","Product","Quantitative","Non-ambiguous",,"No reference","Yes",
"K217480","Radarenheten ska med vinklingsbara standardfästen kunna monteras på både vägg, hörn och stolpe (diameter 80-150mm).","The radar unit must be able to be mounted on both a wall, corner and post (diameter 80-150mm) with angled standard brackets.","Product","Mixed","Ambiguous (artificial)","""Angled standard brackets"" is something the regulator knows how it is defined, relying on that the designer has the same knowledge. There is also some lexical ambiguity as the text uses ""both"" to refer to three things (wall, corner and post). The question is then if the specified diameter (80-150mm) refers to only the post or also the corner. ","No reference","Yes",
"K135247","För bro med väg, gång- och cykeltrafik ska krav enligt ""Vägars och gators utformning"" (Trafikverket) uppfyllas.","For bridges with road, pedestrian and bicycle traffic, requirements according to ""Design of roads and streets"" (Traffic Agency) must be met.","Product","Qualitative","Ambiguous (artificial)","Possible artificial ambiguity, because unclear to which version of the external requirements (""Vägars och gators utformning"") the requirement refers to.","Internal","Yes",
"K48226","Kapslingen ska vara utförd i rostfritt stål eller målad aluminium.","The enclosure must be made of stainless steel or painted aluminium.","Product","Qualitative","Ambiguous (artificial)","Validation input: Could have referenced a type of colour. Not clear if color should look like rustfree steel or if color is irrelevant.","No reference","Yes",
"K52338","Apparat i golvskåp ska vara monterad lägst 600 mm över skåps botten.","Appliances in floor cabinets must be mounted at least 600 mm above the bottom of the cabinet.","Product","Quantitative","Non-ambiguous",,"No reference","Yes",
"K29501","Skylt med texten LIVSFARA förbjudet att beträda spårområdet ska ha dimension 200x632 mm.","Sign with the text ""DANGER TO LIFE forbidden to enter the track area"" must have dimensions 200x632 mm.","Product","Quantitative","Non-ambiguous",,"No reference","Yes",
"K33008","Om det finns biljettvaliderare, ska minst en av dessa ha en fri passageväg med en minimibredd på 90 cm.","If there are ticket validators, at least one of these must have a clear passageway with a minimum width of 90 cm.","Product","Quantitative","Non-ambiguous",,"No reference","Yes",
"K63960","Kontakttrådarna ska vara hophållda med hjälp av en 2 500 mm lång stödskena enligt ritning 803 047.","The contact wires must be held together using a 2,500 mm long support rail according to drawing 803 047.","Product","Quantitative","Ambiguous (artificial)","Validation input: Reference to drawing is not unambiguous.","Local","Yes",
"K38383","Standardavvikelse ska beräknas för signaler filtrerade till våglängdsområdet D1 325 m.","Standard deviation shall be calculated for signals filtered to the wavelength range D1 325 m.","Process","Quantitative","Non-ambiguous",,"No reference","Yes",
"K59785","Bärlinan ska vara Cu 70 mm2 enligt TDOK 2014:0868 BVS 543.","The carrying rope must be Cu 70 mm2 according to TDOK 2014:0868 BVS 543.","Product","Mixed","Non-ambiguous",,"Internal","Yes",
"K34765","För svetsspalt 68 mm ska termitform L68 användas.","For welding gap 68 mm, thermite form L68 must be used.","Process","Qualitative","Non-ambiguous",,"No reference","Yes",
"K157858","Vid breddning av befintlig väg får beräknad tjällyftning på breddad del skilja maximalt 15 mm från beräknad tjällyftning på befintlig väg.","When widening an existing road, the calculated frost heave on the widened part may differ by a maximum of 15 mm from the calculated frost heave on the existing road.","Process","Quantitative","Non-ambiguous",,"No reference","Yes",
"K35282","Stolpens ytterdiameter ska vara 76 mm.","The outside diameter of the post must be 76 mm.","Product","Quantitative","Non-ambiguous",,"No reference","Yes",
"K61510 ","Nedhänget på spannmitt ska vara 30 mm vid 60 m spannlängd.","The sag at the center of the span must be 30 mm at 60 m span length.","Product","Quantitative","Non-ambiguous",,"No reference","Yes",
"K135668","Vid dimensionering av förankringsanordning ska hänsyn tas till avrostning.","When dimensioning the anchoring device, consideration must be given to de-rusting.","Product","Qualitative","Ambiguous (artificial)","Solutions for de-rusting depend probably on how the anchoring device is designed. The solution is intentional left vague and open. Validation comment: Should be artificial since it is not well specified mow much avrostning should be handled. This is about security.  ","No reference",,
"K32998","Trösklar på en hinderfri gångväg ska vara kontrasterande mot den omgivande golvytan.","Thresholds on an obstacle-free walkway must contrast with the surrounding floor surface.","Product","Qualitative","Ambiguous (artificial)","The definition is artificially ambiguous as the degree of contrast *could* be specified objectively and measurably.","No reference",,
"K160118","En skredvarningsförsignal ska vara försedd med en fyrkantig gul skylt med texten Fsi skredvarning och tillhörande skredvarningsstopplyktas beteckning.","An avalanche warning signal must be equipped with a square yellow sign with the text ""Fsi avalanche warning"" and the associated avalanche warning stop light designation.","Product","Qualitative","Non-ambiguous",,"No reference",,
"K218110","Signalanläggningar som inte är placerade spårnära ska vara tillgängliga för underhåll vid drift.","Signal facilities that are not located close to the tracks must be accessible for maintenance during operation.","Product","Qualitative","Ambiguous (artificial)","Without a quantitative distance requirement, this statement is vague and will inevitably interpreted differently by people with different interests (cost vs. safety).","No reference",,
"K42306","Bromsprovaren ska vara med instrumentenhet som visar bromskraft.","The brake tester must have an instrument unit that shows braking power.","Product","Qualitative","Ambiguous (natural)","There is no information beyond that such an instrument must exist. How it is implemented is completely open (digital vs. analog, range, displayed units, etc.). Hence, natural ambiguity.","No reference",,
"K53647","Vid märkning av grupptillhörighet ska Trafikverkets skyltar med följande artikelnummer vara använda: · 04 29 601 - Gruppmarkeringsskylt BV 2802, två tecken.","When marking group membership, the Swedish Transport Administration's signs with the following article numbers must be used: · 04 29 601 - Group marking sign BV 2802, two characters.","Product","Qualitative","Non-ambiguous",,"No reference",,
"K46568","Installationsgolvets bärande konstruktion får inte försämras om samtliga golvplattor lyfts bort.","The load-bearing structure of the installation floor must not be damaged if all the floor tiles are lifted away.","Product","Qualitative","Non-ambiguous",,"No reference",,
"K111674","Konsekvensbedömning ska genomföras med den återkomsttid som gäller för den sårbara punkt som kan påverkas.","Impact assessment must be carried out with the return time that applies to the vulnerable point that can be affected.","Process","Qualitative","Ambiguous (artificial)","Both Jessica and I have problems understanding the requirement (lack of background/context). But the requirement is not necessarily ambiguous (no artificial ambiguity). What has to be done (impact assessment), i.e. the solution, is open. Hence I tend to agree with Jessica, i.e. natural ambiguity. Validation input: Both Oskar and Martin do not fully understand the requirement. It is artificial ambiguous as it lacks information.","No reference",,
"K126068","Materiel som används till skyddsjordning ska bestå utav produkter godkända av Trafikverket.","Equipment used for protective earthing must consist of products approved by the Swedish Transport Administration.","Product","Qualitative","Non-ambiguous",,"No reference",,
"K62414","Innan transformator tas i drift ska följande uppfyllas: · överslagsvärdet ska vara minst 60 kV/ 2,5mm.","Before the transformer is put into operation, the following must be met: · the overshoot value must be at least 60 kV/ 2.5mm.","Process","Quantitative","Non-ambiguous",,"No reference",,
"K73142","Dialogfönster för omformare av typen HOG ska innehålla jordslutare F-J-G.","Dialog windows for converters of the HOG type must contain earthing contact FJG.","Product","Qualitative","Non-ambiguous",,"No reference",,
"K134929","Ändskärm ska ges sådan höjd att följande uppfylls: · Avstånd från intilliggande brobaneplattas underyta till ändskärms underyta är ? 0,60 m.","The end shield must be given such a height that the following is met: · Distance from the undersurface of the adjacent bridge deck slab to the undersurface of the end shield is ? 0.60 m.","Product","Quantitative","Non-ambiguous",,"No reference",,
"K159231","Lägesvisare ska vara utförd för visning av mellanläge.","Position indicators must be designed to display intermediate positions.","Product","Qualitative","Ambiguous (artificial)","This is on the edge between artificial and natural ambiguity. It is solution open but without the ""why"" it is difficult to say if the solution achieved the goal. Validation input: Underspecified and out of context difficult to place. Artificial","No reference",,
"K209219","I samband med förläggning av kablar, optorör och dukter i mark i Trafikverkets kabelanläggningar ska  förutom kraven i detta avsnitt  kraven i SS 424 14 37 uppfyllas.","In connection with the laying of cables, optotubes and ducts in the ground in the Swedish Transport Administration's cable facilities, the requirements in SS 424 14 37 must - in addition to the requirements in this section - be met.","Product","Qualitative","Non-ambiguous",,"External",,
"K37489","Avstånd mellan skarv och rälände får inte understiga 1,5 m.","Distance between joint and rail end must not be less than 1.5 m.","Product","Quantitative","Non-ambiguous",,"No reference",,
"K158712","Sammanfattningen av resultatet från bärighetsberäkning ska även innehålla uppgift om tillåten trafiklast.","The summary of the result from the load-carrying capacity calculation must also contain information about the permitted traffic load.","Documentation","Qualitative","Non-ambiguous",,"No reference",,
"K35144","Mätning av ytjämnhet ska utföras minst en gång per skift.","Measurement of surface smoothness must be carried out at least once per shift.","Process","Quantitative","Non-ambiguous",,"No reference",,
"K208840","Inför felavhjälpning i Trafikverkets optokabelanläggningar ska det finnas vedertagna rutiner för hantering av kabeltyper med olika antal fibrer.","Prior to troubleshooting in the Swedish Transport Administration's optical cable facilities, there must be accepted procedures for handling cable types with different numbers of fibres.","Process","Qualitative","Non-ambiguous",,"No reference",,
"K43146","Enheter i lokala styrutrustningar för öppningsbar bro, vägoperativ miljö, ska så långt som möjligt utgöras av standardkomponenter för att möjliggöra en hållbar reservdelshållning över tid.","Units in local control equipment for openable bridge, road operational environment, shall as far as possible be made up of standard components to enable a sustainable spare part holding over time.","Product","Qualitative","Ambiguous (artificial)","Both ""as far as possible"" and ""standard components"" are underspecified aspects of the requirement. Hence artificial ambiguity.","No reference",,
"K52675","Fågelskyddsavståndet mellan utliggare och annan jordad anläggningsdel än kontaktledningsstolpen ska upprätthållas på anläggningar som är fågelsäkrade.","The bird protection distance between outriggers and other earthed plant parts than the catenary pole must be maintained on plants that are bird-proof.","Product","Qualitative","Ambiguous (artificial)","The distance could be specified or referred to explicitly. There exists possibly a regulation that specifies what the bird protection distance is, but that information is not referred to, and hence implicit, tacit knowledge. Indeed, the document in which the requirement is specified, defines the distance as 600mm: https://puben.trafikverket.se/dpub/api/v1/Dokument/DownloadDokument?id=c9ff9205-102f-4fca-a57e-f50c47dbb290&dokumentName=Krav%20TRVINFRA-00062%20Kontaktledning%20och%20h%20v2_0.pdf","No reference",,
"K71729","Öppningsbar bro, vägoperativ miljö, ska vara försedd med avstängningsanordning inklusive Rött blinkande ljus för avstängningsanordningar och varningsskyltar.","Openable bridge, road operational environment, shall be provided with shut-off device including Red flashing light for shut-off devices and warning signs.","Product","Qualitative","Non-ambiguous",,"No reference",,
"K27598","Styrapparater i vägtrafiksignalsystem ska vid funktionsläge manuell styrning vara med fasbilder för oberoende styrning.","Control devices in road traffic signal systems must have phase images for independent control when operating in manual control mode.","Product","Qualitative","Non-ambiguous",,"No reference",,
"K126371","För en säker uppstart av PLS-programmet ska en kallstart genomföras genom att man först gör en minnesreset och sedan start av CPU-enheten enligt nedan Minnesreset förutsätter att omkopplaren är ställd i läge STOP och att lysdioden på CPU- enheten lyser rött.","For a safe startup of the PLS program, a cold start must be carried out by first doing a memory reset and then starting the CPU unit as below Memory reset requires that the switch is set to STOP and that the LED on the CPU unit lights up red.","Process","Qualitative","Non-ambiguous",,"No reference",,
"K44033","Egentyngd från en installation som är fast monterad och säkert lastbestämd ska i en varaktig dimensioneringssituation betraktas som permanent last.","Self-weight from an installation that is permanently mounted and safely determined as a load must be considered as a permanent load in a permanent design situation.","Product","Qualitative","Ambiguous (artificial)","Validation input: Very domain specific language that is hard to interpret.","No reference",,
"K48993","Ställverk ska vara utförd i lägst IAC klass FL, åtkomst av front och gavlar vid normal uppställning i ställverksrum vilket förutsätter montage mot vägg eller dylikt alternativt hinder för åtkomst av baksidan av ställverket.","Switchgear must be made in the lowest IAC class FL, access to the front and ends during normal setup in the switchgear room, which requires mounting against a wall or similar alternative obstacle for access to the back of the switchgear.","Product","Qualitative","Ambiguous (artificial)","Validation input: Sentence sounds incomplete. Meaning is unclear (even for swedish native speaker)","No reference",,
"K209197","I samband med projektering av ny kommunikationskabel och nya dukter för kommunikationskabel i Trafikverkets kabelanläggningar ska anläggningsnummer begäras från Trafikverket IKT via telekombestallning@trafikverket.","In connection with the design of new communication cable and new ducts for communication cable in the Swedish Transport Administration's cable facilities, the installation number must be requested from the Swedish Transport Administration ICT via telekombestallning@trafikverket.","Process","Qualitative","Non-ambiguous",,"No reference",,
"K195485","En övergångs trafiksäkerhetsegenskaper ska vara verifierade på ett av följande sätt: ·krockprovad enligt SS-ENV 1317-4 eller prEN 1317-4 metod A ·simulerad enligt prEN 1317-4 metod B1 ·utformad enligt principer angivna i prEN 1317-4 metod B2 eller B3 ·utformad utgående från skillnader i dynamisk utböjning vid TB11-prov enligt SS-EN 1317-2.","The traffic safety characteristics of a transition must be verified in one of the following ways: ·crash tested according to SS-ENV 1317-4 or prEN 1317-4 method A ·simulated according to prEN 1317-4 method B1 ·designed according to principles stated in prEN 1317-4 method B2 or B3 ·designed based on differences in dynamic deflection in TB11 tests according to SS-EN 1317-2.","Process","Qualitative","Non-ambiguous",,"External",,
"K3567","Kameraenheter ska vara med automatisk bildstabilisering som kompenserar för rörelser hos kameraenhet.","Camera units must have automatic image stabilization that compensates for movements of the camera unit.","Product","Qualitative","Non-ambiguous",,"No reference",,
"K57726","Minst åtta av de senaste händelserna, ska lagras i reläskyddsterminalen.","At least eight of the most recent events shall be stored in the relay protection terminal.","Product","Mixed","Non-ambiguous",,"No reference",,
"K35826","Banunderbyggnad och undergrund ska uppfylla krav i avsnitt 7.","Track infrastructure and subsoil must meet requirements in section 7.","Product","Qualitative","Non-ambiguous",,"Local",,
"K65256","Funktionen för NÄR/FJÄRR ska finnas och vara realiserad i elektromekanisk teknik.","The function for ""WHEN""/""AWAY"" must exist and be realized in electromechanical technology.","Product","Qualitative","Non-ambiguous",,"No reference",,
"K134576","Godstjocklek ska vara ? 4,0 mm.","Material thickness must be ? 4.0 mm.","Product","Quantitative","Non-ambiguous",,"No reference",,
"K68280","Erfarenheterna ska vara aktuella vid ansökningstillfället, dokumenteras i anpassad CV.","The experience must be current at the time of application, documented in a customized CV.","Documentation","Qualitative","Ambiguous (artificial)","Validation input: vid ansökningstillfället is ambiguous, when exactly? Vague.","No reference",,
"K111550","Vid dimensionering av magasin ska beaktas den sedimentering som kan ske före magasinet.","When dimensioning the reservoir, consideration must be given to the sedimentation that may occur before the reservoir.","Product","Qualitative","Ambiguous (artificial)","This requirement is formulated similarly as K135668. In both cases, the purpose (sedimentation and derusting) is quite vague and the solution on how to achieve this, open. Validation input: Should be artificial since beaktas does not clarify what is allowed and what is not.","No reference",,
"K29243","Tillträdesskydd ska förhindra obehörigt spårbeträdande, olaga intrång, stöld, skadegörelse, sabotage och anlagd brand vid trafikplats med godshantering.","Access protection must prevent unauthorized track entry, illegal trespassing, theft, vandalism, sabotage and arson at traffic points with goods handling.","Product","Qualitative","Ambiguous (natural)","This is natural ambiguity since the solution is not specified.","No reference",,
"K56651","Dokumentation ska uppfylla krav enligt TDOK 2016:0407 Data om järnvägsanläggningen.","Documentation must meet requirements according to TDOK 2016:0407 Data on the railway facility.","Documentation","Qualitative","Non-ambiguous",,"Internal","Target should probably be Process  instead, looking at the other requirements that contain references to TDOK and how we have defined this in the guidelines. We still need to do a consistency check.... -> Stays here as I decided that these requirements are not process requirements. See consistency analysis.",
"K2770","Överkant på bomarm i avstängningsanordningar vid öppningsbar bro, vägoperativ miljö, ska vara 0,9  1,1 m över körbanan i stängt läge.","Upper edge of boom arm in shut-off devices at openable bridge, road operational environment, must be 0.9  1.1 m above the carriageway in closed position.","Product","Quantitative","Non-ambiguous",,"No reference",,
"K162032","Datakommunikationsenhet ska vara installerad i kontrollskåp.","Data communication unit must be installed in control cabinet.","Product","Qualitative","Non-ambiguous",,"No reference",,
"K54610","Värmeisolering ska även utgöra skydd mot oavsiktlig beröring av heta delar.","Thermal insulation must also provide protection against accidental contact with hot parts.","Product","Qualitative","Non-ambiguous",,"No reference",,
"K135135","För vägbro samt gång- och cykelbro ska ytavlopps överyta förläggas 10 mm under beläggnings överyta.","For road bridges and pedestrian and bicycle bridges, the upper surface of the surface drain must be placed 10 mm below the upper surface of the pavement.","Product","Quantitative","Non-ambiguous",,"No reference",,
"K210928","IP-baserad ändutrustning som ska anslutas till Trafikverkets operativa nät ska fungera som en fullvärdig IP host, specificerad i gällande RFC:er från IETF.","IP-based end equipment that is to be connected to the Swedish Transport Administration's operational network must function as a full-fledged ""IP host"", specified in current RFCs from the IETF.","Product","Qualitative","Ambiguous (artificial)","The reference to ""current RFCs"" is misleading as not clear which RFC is meant. The phrase ""IP host"" is used in many RFCs. ","External",,
"K109864","För vägar med obundna slitlager ska grusslitlager enligt AMA Anläggning läggas ut med lagertjockleken 5090 mm.","For roads with unbonded wear layers, gravel wear layers must be laid out according to AMA Anlanjäng with a layer thickness of 5090 mm.","Product","Quantitative","Non-ambiguous",,"External",,
"K124919","Vid ibruktagande- och kontrollbesiktning av reläställverk, ska generella kontroller utföras.","During commissioning and inspection of relay switchgear, general checks must be carried out.","Process","Qualitative","Ambiguous (artificial)","This is artificial ambiguity since ""general checks"" is unclear what they imply.","No reference",,
"K58188","Distansskydd ska ha minst tre zoner i riktning framåt och minst tre zoner i riktning bakåt.","Distance protection must have at least three zones in the forward direction and at least three zones in the backward direction.","Product","Quantitative","Ambiguous (artificial)","Validation input: Needs tacit domain knowldge and that may not be equal everywhere, hence artificial ambiguous","No reference",,
"K68257","Granskarens eller besiktningsmannens chef ska ansvara för att initiera återkallelse av behörighet.","The manager of the examiner or inspector shall be responsible for initiating revocation of authorization.","Process","Qualitative","Non-ambiguous",,"No reference",,
"K53275","Avspänningen ska klara de krafter som kan uppstå.","The tension must withstand the forces that may arise.","Product","Qualitative","Ambiguous (artificial)","This is artificial since the conditions (regular case vs. worst case) are not specified.","No reference",,
"K128543","Varje växel ska vara belyst så att ljuset sprids jämnt mellan yttersta växelpunkterna.","Each switch must be illuminated so that the light is spread evenly between the outermost switch points.","Product","Qualitative","Ambiguous (artificial)","Validation input: Eveness is not clear, hence vague.","No reference",,
"K9763","Under varje provningsperiod ska provningsmöten hållas.","During each trial period, trial meetings must be held.","Process","Qualitative","Non-ambiguous",,"No reference",,
"K42402","Med tryckluftsbromsade fordon i bromsprovare, läge manuell, ska tiden för medelvärdesbildning vara 5,3 s vid en nominell provningshastighet av 2 km/h.","With air-braked vehicles in the brake tester, manual mode, the time for averaging must be 5.3 s at a nominal test speed of 2 km/h.","Product","Quantitative","Ambiguous (artificial)","This is artificial since the requirement does not specify to what the 5.3 seconds refer to, i.e. it assumes the reader knows what is measured.","No reference",,
"K43635","Dörr mellan trafikutrymme och utrymningsväg ska vara lätt identifierbar som nödutgång.","The door between the traffic space and the escape route must be easily identifiable as an emergency exit.","Product","Qualitative","Ambiguous (artificial)","""easy"" is subjective. Easy for who? ","No reference",,
"K158156","Kamerabevakning ska följa TDOK 2019:0390 Kamerabevakning i Trafikverket.","Camera surveillance must comply with TDOK 2019:0390 Camera surveillance in the Swedish Transport Administration.","Product","Qualitative","Non-ambiguous",,"Internal",,
"K52614","Stagskruven får inte vara övertäckt.","The stay screw must not be covered.","Product","Qualitative","Non-ambiguous",,"No reference",,
"K135115","Översida av brobaneplattas tätskikt ska avvattnas.","The top surface of the bridge deck slab's waterproofing layer must be dewatered.","Process","Qualitative","Ambiguous (artificial)","Without purpose, the degree of dewatering is ambiguous. Maybe this is a standard procedure and is known in the industry, but then it is still collective tacit knowledge.","No reference",,
"K44387","Dräneringsledning ska vara försedd med dräneringsbrunnar och rensbrunnar.","The drainage pipe must be equipped with drainage wells and cleaning wells.","Product","Qualitative","Non-ambiguous","I chose non-ambiguous instead of natural since the elements that need to be present are clear. ","No reference",,
"K34736","Ultraljudskontroll ska utföras av växeltungan sex månader efter genomfört svetsarbete.","Ultrasonic inspection of the gear tongue should be performed six months after welding work has been completed.","Process","Mixed","Non-ambiguous",,"No reference",,
"K99912","Beskrivning av material, utförande och kontroll ska upprättas enligt BSAB-struktur.","Description of materials, workmanship and inspection shall be prepared according to the BSAB structure.","Process","Qualitative","Non-ambiguous",,"External",,
"K125522","Tilläggsskylt Stopp vid plankorsning tillhörande orienteringstavla, ska ha följande mått 645 x 510 millimeter.","Additional sign ""Stop at level crossing"" associated with the orientation board, shall have the following dimensions: 645 x 510 millimeters.","Product","Quantitative","Non-ambiguous",,"No reference",,
"K36859","Dokumentation av kontroll på montageplats ska tillhandahållas enligt avsnitt 8.","Documentation of on-site inspection shall be provided in accordance with Section 8.","Documentation","Qualitative","Non-ambiguous",,"Local",,
"K46339","Oljegropar ska uppfylla kraven i SS-EN 61936-1 K46339 Med avsteg från SS-EN 61936-1 får uppsamlingstank ansluten till transformatorfundament inte förekomma.","Oil pits must meet the requirements of SS-EN 61936-1 K46339. In deviation from SS-EN 61936-1, a collection tank connected to the transformer foundation must not be present.","Product","Qualitative","Non-ambiguous",,"External",,
"K160213","Förvarningstavla ska vara placerad minst 1300 meter före den punkt där hastighetsnedsättningen börjar och enligt förbeskedsavstånd.","The warning sign must be placed at least 1300 meters before the point where the speed reduction begins and according to the advance notice distance.","Product","Quantitative","Ambiguous (artificial)","The ""advance notice distance"" is not specified and it is not clear where to look it up. Collective tacit knowledge. It is not necessary to specify the exact distance since that could be defined (and changed based on context somewhere else). But where to find the information is missing, hence ambiguity.","No reference",,
"K160114","En skredvarningsstopplykta ska vara försedd med en fyrkantig gul skylt med texten Skredvarning och stopplyktans beteckning.","An avalanche warning stop light must be equipped with a square yellow sign with the text ""Avalanche Warning"" and the stop light's designation.","Product","Qualitative","Non-ambiguous",,"No reference",,
"K44181","Bergbultar ingående i bärande huvudsystem ska ha en stångdiameter på minst 20 mm.","Rock bolts included in the main load-bearing system must have a rod diameter of at least 20 mm.","Product","Quantitative","Non-ambiguous",,"No reference",,
"K2763","Märkskyltars monteringsanordningar får inte vara i kontakt med annat material på sådant sätt att materialförstöring kan äga rum (galvanisk korrosion).","The mounting devices of nameplates must not be in contact with other materials in such a way that material destruction can occur (galvanic corrosion).","Product","Qualitative","Non-ambiguous",,"No reference",,
"K29951","Växelsliper och långsliper får inte kapas mer än att avstånd mellan rälens farkant och sliperände är minst 280 mm, se figur K8.","Switch sleepers and long sleepers may not be cut more than the distance between the rail's leading edge and the end of the sleeper is at least 280 mm, see figure K8.","Product","Quantitative","Non-ambiguous",,"Local",,
"K54575","Överfyllningsskyddet ska vara en standardiserad anordning.","The overfill protection shall be a standardized device.","Product","Qualitative","Ambiguous (artificial)","Standardized according to what?","No reference",,
"K197585","Lastcell och viktindikator till fast våganläggning vid trafikkontrollplats ska vara med sådan uppbyggnad/precision att en lastcell och/eller en viktindikator kan bytas under pågående kröningsperiod utan att en fullständig kröning av vågen är nödvändig.","The load cell and weight indicator for fixed weighing installations at traffic control points must be of such a design/precision that a load cell and/or a weight indicator can be replaced during the ongoing calibration period without a complete calibration of the scale being necessary.","Product","Qualitative","Ambiguous (natural)","What is missing in this requirement is the ""why"". Also, not clear why during the *calibration period* a change of the load cell is something to think about. ","No reference",,
"K127197","Konstruktionsredovisning ska inledas med konstruktionsstartmöte.","The design report should begin with a design kick-off meeting.","Process","Qualitative","Non-ambiguous",,"No reference",,
"K73711","Material och varor i bullerskyddsskärm med tillhörande grundkonstruktion ska dokumenteras enligt krav i TDOK 2012:22 Material och varor - krav och kriterier avseende innehåll av farliga ämnen.","Materials and goods in noise protection screens with associated basic construction must be documented according to the requirements in TDOK 2012:22 Materials and goods - requirements and criteria regarding the content of hazardous substances.","Documentation","Qualitative","Non-ambiguous",,"Internal",,
"K36748","Räler ? 15 m ska hanteras med lyftok.","Rails ? 15 m must be handled with a lifting yoke.","Process","Quantitative","Non-ambiguous",,"No reference",,
"K195427","Räckets egenbredd får inte överstiga 0,30 m.","The actual width of the railing must not exceed 0.30 m.","Product","Quantitative","Non-ambiguous",,"No reference",,
"K35086","Ny pinnlödning ska sättas fast om anslutning eller lodpinne lossnar.","New solder should be attached if the connection or solder pin becomes loose.","Process","Qualitative","Non-ambiguous",,"No reference",,
"K63078","Sektionsutliggare i stolpe ska vara utformade enligt typritning i tabell 8.","Section cantilevers in posts must be designed according to the type drawing in Table 8.","Product","Qualitative","Non-ambiguous",,"Local",,
"K195365","En vägbanereflektor ska vara försedd med fysisk CE-märkning enligt SS-EN 1463-1.","A roadway reflector must be provided with a physical CE marking according to SS-EN 1463-1.","Product","Qualitative","Non-ambiguous",,"External",,
"K109676","Stensläpp från beläggning får inte förekomma.","Stones must not be released from the pavement.","Product","Qualitative","Non-ambiguous",,"No reference",,
"K36288","Rälreglering ska utföras över hela arbetssträckan plus minst en rällängd på anslutande sektioner på båda sidor om arbetssträckan.","Rail regulation must be carried out over the entire working section plus at least one rail length on connecting sections on both sides of the working section.","Product","Mixed","Non-ambiguous",,"No reference",,
"K37419","Räl med vertikalt längsgående fel ska skrotas i sin helhet när ett (1) fel påträffas.","Rails with vertical longitudinal defects shall be scrapped in their entirety when one (1) defect is found.","Process","Mixed","Non-ambiguous",,"No reference",,
"K131013","Vid möte ska handlingsförteckning över konstruktionsredovisningens delar gås igenom.","At the meeting, the list of actions for the construction report parts must be reviewed.","Process","Qualitative","Non-ambiguous",,"No reference",,
"K53178","Strömbegränsningstavla ska vara monterad vid skyddssektion utförd som enkel sektionsisolator med jordelektrod.","The current limiting switchboard must be mounted at the protection section, designed as a single section insulator with a ground electrode.","Product","Qualitative","Non-ambiguous",,"No reference",,
"K53280","Kabeln får inte ligga klämd mot annat än kabelfästen.","The cable must not be clamped against anything other than the cable brackets.","Product","Qualitative","Non-ambiguous",,"No reference",,
"K45678","För grundläggande förreglingskrav på jordningskopplare monterad på frånskiljande effektbrytare ska krav i TTRVINFRA-00128 Elkraftanläggning Omformarstation och transformatorstation 3-fas 50 Hz och 1-fas 16 2/3 Hz utomhusställverk med konstruktionsspänning mellan 52 kV och 145 kV .","For basic interlocking requirements for earthing switches mounted on isolating circuit breakers, the requirements in TTRVINFRA-00128 Electric power plant Converter station and transformer station 3-phase 50 Hz and 1-phase 16 2/3 Hz outdoor switchgear with design voltage between 52 kV and 145 kV shall apply.","Product","Qualitative","Non-ambiguous",,"Internal",,
"K126641","För växel med rörlig korsningsspets ska lokalställare vara försedd med märkskylt (dekal) ""Rörlig korsning"".","For switches with a movable crossing tip, the locator must be provided with a ""Moving crossing"" label (decal).","Product","Qualitative","Non-ambiguous",,"No reference",,
"K191128","BGE PSA_LTO ska bestå av en fast och en styrbar balis.","BGE PSA_LTO shall consist of a fixed and a steerable balise.","Product","Qualitative","Non-ambiguous",,"No reference",,
"K29404","Hänglåsbeslag ska fixeras i höjdled genom fastsvetsning.","Padlock fittings must be fixed vertically by welding.","Process","Qualitative","Non-ambiguous",,"No reference",,
"K52960","Kabelns märkning och position ska framgå av förvaltningshandling.","The cable's marking and position must be stated in the administrative document.","Documentation","Qualitative","Non-ambiguous",,"No reference",,
"K160119","Skredvarningsförsignalen ska normalt vara släckt men ska visa gult blinkande sken när efterföljande skredvarningsstopplykta är tänd.","The avalanche warning signal should normally be off but should show a yellow flashing light when the subsequent avalanche warning stop light is on.","Product","Qualitative","Non-ambiguous",,"No reference",,
"K82808","Skyddsklass 2 enligt SSF 200 gäller för hela anläggningens omslutningsyta.","Protection class 2 according to SSF 200 applies to the entire enclosure of the facility.","Product","Qualitative","Non-ambiguous",,"External",,
"K125486","Kontrollsignalen ska vara försedd med vit märkskylt, mått 350 x 350 millimeter.","The control signal must be provided with a white marking plate, measuring 350 x 350 millimeters.","Product","Quantitative","Non-ambiguous",,"No reference",,
"K111941","Utspetsning ska utföras för självfallsledning i tjälfarlig jord om måttet d, enligt TDOK 2011:264 TRVK Väg, avsnitt 3.","Pointing must be carried out for natural-fall pipes in frost-prone soil with dimension d, according to TDOK 2011:264 TRVK Road, section 3.","Process","Qualitative","Non-ambiguous",,"Internal",,
"K209959","I samband med planering av framföringsväg utanför banvall ska erforderliga tillstånd för kommande kabelförläggning inhämtas från berörda fastighetsägare.","In connection with planning the access route outside the embankment, the necessary permits for future cable laying must be obtained from the property owners concerned.","Process","Qualitative","Non-ambiguous",,"No reference",,
"K4085","Budskapsytan (framsidan) för lysande VMS ska vara utförd med svart kulör, RAL 9005 med glans < 1 %.","The message surface (front) for illuminated VMS must be painted black, RAL 9005 with a gloss of < 1%.","Product","Mixed","Non-ambiguous",,"External",,
"K5363","Spalter mellan prismorna i kontinuerlig VMS får inte vara större än 5 % av diametern på en cirkel som tangerar prismans tre hörn.","Gaps between prisms in continuous VMS must not be greater than 5% of the diameter of a circle tangent to the three corners of the prism.","Product","Quantitative","Non-ambiguous",,"No reference",,
"K111975","Pumpbrunn, apparatskåp och trycklednings nedströms ändpunkt ska placeras så att drift och underhåll underlättas.","The pump well, control cabinet and downstream end point of the pressure line should be positioned to facilitate operation and maintenance.","Product","Qualitative","Ambiguous (natural)",,"No reference",,
"K157972","Utspetsningslängd ska bestämmas enligt avsnitt 15.","The length of the taper shall be determined according to section 15.","Product","Qualitative","Non-ambiguous",,"Local",,
"K195579","Fallskydd på kanten av en bro och broliknande konstruktion eller i omedelbar anslutning till stup ska uppfylla krav enligt Krav i TRVINFRA-00227 Bro och broliknande konstruktion, Byggande.","Fall protection on the edge of a bridge and bridge-like structure or in the immediate vicinity of a drop-off must meet the requirements in TRVINFRA-00227 Bridge and bridge-like structure, Construction.","Product","Qualitative","Non-ambiguous",,"Internal",,
"K34677","Svetsobjekt ska stämplas med svetsarnummer på stämplingslägen enligt avsnitt 5.","Welding objects shall be stamped with the welder's number at the stamping locations according to section 5.","Product","Qualitative","Non-ambiguous",,"Local",,
"K34312","Stationsnamnskyltar på plattformar ska sättas upp på ett avstånd av 30 ± 10 meter från plattformens yttersta U-skyltar.","Station name signs on platforms should be placed at a distance of 30 ± 10 meters from the platform's outermost U-signs.","Product","Quantitative","Non-ambiguous",,"No reference",,
"K44037","För en järnvägstunnel får endast last från betongkonstruktionens egentyngd samt last av fyllning och underballast medräknas.","For a railway tunnel, only loads from the concrete structure's own weight and loads from fill and sub-ballast may be included.","Product","Qualitative","Non-ambiguous",,"No reference",,
"K118437","För att bli behörig ibruktagandebesiktningsman banöverbyggnad ska kraven i detta kapitel uppfyllas.","To become a qualified commissioning inspector for track superstructure, the requirements in this chapter must be met.","Process","Qualitative","Non-ambiguous",,"Local",,
"K4657","Funktionsyta för manöver i paneler med funktionsytor i form av flikar ska vara anpassad till möjliga funktioner för aktuellt objekt.","Functional surfaces for maneuvering in panels with functional surfaces in the form of tabs should be adapted to possible functions for the object in question.","Product","Qualitative","Ambiguous (natural)","Natural ambiguity since the requirement is quite open to interpretation of what is actually required and how it can be verified.","No reference",,
"K74041","Kopparbaserad datakommunikationskabel ska vara av industrikvalitet och vara utförd i CAT-5e eller bättre och vara utrustad med RJ-45 kontakter.","Copper-based data communication cable should be of industrial quality and be made in CAT-5e or better and be equipped with RJ-45 connectors.","Product","Qualitative","Ambiguous (artificial)","""Industrial quality"" is vague and can be removed if the remaining qualities (CAT-5e, having RJ-45 connectors) are sufficient. If not, then it needs to be defined.","No reference",,
"K62481","Bärtrådar får inte placeras närmare än 6 m från närmsta upphängningspunkt.","Support wires must not be placed closer than 6 m from the nearest suspension point.","Product","Quantitative","Non-ambiguous",,"No reference",,
"K128820","Besiktningsansvarig ska: · säkerställa att besiktningsmän/bankontrollanter uppfyller de krav som ställs.","The inspection manager must: · ensure that inspectors/track inspectors meet the requirements.","Process","Qualitative","Non-ambiguous",,"No reference",,
"K73572","Port i bullerskyddsskärm ska förses med lås som förhindrar obehörig öppning.","Doors in noise protection screens must be equipped with locks that prevent unauthorized opening.","Product","Qualitative","Non-ambiguous",,"No reference",,
"K47725","Apparat ska vara märkt med skylt med uppgift om apparatnummer och benämning.","The device must be marked with a sign stating the device number and name.","Product","Qualitative","Non-ambiguous",,"No reference",,
"K58631","Växelvärmeskåp för alternativ 1:1 ska vara bestyckat enligt tabell 9.","The heat exchanger cabinet for alternative 1:1 must be equipped according to table 9.","Product","Qualitative","Non-ambiguous",,"Local",,
"K74107","Skalan på visarinstrument för nödfrånkopplingsslingas viloström ska vara 0 - 20 mA.","The scale of the emergency stop loop quiescent current indicator instrument should be 0 - 20 mA.","Product","Quantitative","Non-ambiguous",,"No reference",,
"K135133","Ytavloppsrör ska dras ned ? 100 mm under huvudbalks underyta.","Surface drain pipes should be pulled down ? 100 mm below the bottom surface of the main beam.","Product","Quantitative","Non-ambiguous",,"No reference",,
"K126224","Baliskabelns skärm ska vara ansluten till stommen.","The balise cable shield should be connected to the chassis.","Product","Qualitative","Non-ambiguous",,"No reference",,
"K56941","Sektionslängd får inte överstiga 570 m vid fastavspänning.","Section length must not exceed 570 m when using fixed tension.","Product","Quantitative","Non-ambiguous",,"No reference",,
"K34242","I stationshus ska det finnas markeringsskyltar för de objekt som finns i stationshuset.","In station buildings, there should be marking signs for the objects located in the station building.","Product","Qualitative","Ambiguous (artificial)","What is defined as ""object"" is unclear. ","No reference",,
"K210506","Den tryckkurva som ska tas på berörd kommunikationskabel efter ombyggnation av Trafikverkets kopparkabelanläggningar får inte uppvisa någon försämring jämfört med den tryckkurva som togs före ombyggnationen.","The pressure curve that must be taken on the affected communication cable after reconstruction of the Swedish Transport Administration's copper cable facilities must not show any deterioration compared to the pressure curve that was taken before the reconstruction.","Product","Qualitative","Non-ambiguous",,"No reference",,
"K15488","Texthöjd för Märkning av VVS och tunnelventilationssystem ska vara minst 10 mm.","Text height for Marking of HVAC and tunnel ventilation systems must be at least 10 mm.","Product","Quantitative","Non-ambiguous",,"No reference",,
"K63092","Växelutliggare i stolpe ska vara utformade enligt typritning i tabell 14.","Pole-mounted switch cantilevers shall be designed according to the type drawing in Table 14.","Product","Qualitative","Non-ambiguous",,"Local",,
"K125681","En V-skylt ska finnas · under en vägskyddssignal · under en orienteringstavla för vägskyddsanläggning.","A V sign must be located · under a road safety signal · under an orientation board for a road safety facility.","Product","Qualitative","Non-ambiguous",,"No reference",,
"K56391","APDL ska vara förberedd för 6-trådskoppling.","APDL should be prepared for 6-wire connection.","Product","Qualitative","Non-ambiguous",,"No reference",,
"K64490","Vid ändpunkt ska märkningen placeras där den är tillgänglig och läsbar, till exempel i nedre delen av kontaktledningsstolpe men ovanför kabelskydd, eller under kopplingslåda, växelvärmeskåp och dylikt.","At the end point, the marking should be placed where it is accessible and legible, for example in the lower part of the overhead line pole but above the cable protection, or under the junction box, switchgear heating cabinet and the like.","Product","Qualitative","Non-ambiguous",,"No reference",,
"K47482","Kabelförbindning mellan skåp som är monterade sida vid sida ska vara av typ flerledarkabel.","Cable connections between cabinets mounted side by side should be of the multi-conductor cable type.","Product","Qualitative","Non-ambiguous",,"No reference",,
"K30734","Rälsförhöjningsskylt ska utföras enligt standardritning 805898.","Rail elevation sign shall be made according to standard drawing 805898.","Product","Qualitative","Non-ambiguous",,"External",,
"K46667","Sits och lock till WC-stol ska vara av plast.","The toilet seat and lid must be made of plastic.","Product","Qualitative","Non-ambiguous",,"No reference",,
"K43393","Konstruktionsredovisningen ska minst omfatta: · redogörelse för konstruktionsarbetets förutsättningar och metoder (RKFM) enligt avsnitt 5.","The design report shall at least include: · a description of the conditions and methods of the design work (RKFM) according to section 5.","Documentation","Qualitative","Non-ambiguous",,"Local",,
"K29408","Överklättringsskydd av typen hajtand ska finnas på grind om anslutande stängsel saknar taggtråd.","""Shark tooth"" type anti-climb protection must be installed on the gate if the connecting fence does not have barbed wire.","Product","Qualitative","Non-ambiguous",,"No reference",,
"K135002","Om tvärbalk under brobaneplatta inte är hopgjuten med brobaneplatta ska fritt avstånd mellan tvärbalk och brobaneplatta vara ? 300 mm.","If the crossbeam under the bridge deck slab is not cast together with the bridge deck slab, the free distance between the crossbeam and the bridge deck slab must be ? 300 mm.","Product","Quantitative","Non-ambiguous",,"No reference",,
"K63399","Varningsskylten ska placeras i 45º korsningsvinkel mot vägen.","The warning sign should be placed at a 45º intersection angle to the road.","Product","Quantitative","Ambiguous (artificial)","It's unclear which axis the angle refers to. Maybe this is tacit knowledge in the domain.","No reference",,
"K64336","Spänningsförande friledningar för tågdrift (matarledning, hjälpkraftledning och återledning) får inte permanent förläggas över plattformar där människor vistas.","Live overhead lines for train operation (feeder line, auxiliary power line and return line) must not be permanently installed over platforms where people are present.","Product","Qualitative","Non-ambiguous",,"No reference",,
"K47635","Indikeringslampa respektive tryckknapp ska vara märkta med en skylt ovanför respektive lampa/tryckknapp.","The indicator light and push button must be marked with a sign above the respective light/push button.","Product","Qualitative","Ambiguous (artificial)","What sign? Any sign?","No reference",,
"K46405","Gånggrind i områdesskydd ska vara utrustad med godkänd låsenhet, i enlighet med SSF200.","Pedestrian gates in area protection must be equipped with an approved locking device, in accordance with SSF200.","Product","Qualitative","Non-ambiguous",,"External",,
"K81775","Stängsel ska uppfylla kraven enligt SSF 1087, Klass C, Risknivå 2.","Fences must meet the requirements of SSF 1087, Class C, Risk Level 2.","Product","Qualitative","Non-ambiguous",,"External",,
"K53671","För isolerad sektionsövergång över tre övergångsspann ska skyltar vara placerade enligt figur 4.","For insulated section transitions over three transition spans, signs shall be placed according to Figure 4.","Product","Mixed","Non-ambiguous",,"Local",,
"K52959","Kabeln ska kunna identifieras genom dess beteckning.","The cable should be identifiable by its designation.","Product","Qualitative","Ambiguous (artificial)","What should be indentified? Type of the cable, location, brand, what?","No reference",,
"K38784","Apparatskåp vid trafikkontrollplats ska vara enligt {TRVINFRA-00250 Apparatskåp vägoperativ miljö}.","Equipment cabinets at traffic control points must be in accordance with {TRVINFRA-00250 Equipment cabinets, road operating environment}.","Product","Qualitative","Non-ambiguous",,"Internal",,
"K53673","I växelkryss med isolerade ryttare ska skylt vara placerad enligt figur 5 så att minsta isolationsavstånd inte underskrids.","At interchanges with isolated riders, the sign must be placed according to Figure 5 so that the minimum isolation distance is not exceeded.","Product","Qualitative","Ambiguous (artificial)","Minimum isolation distance is an unspecified quantity artificially ambiguous.","Local",,
"K29453","Överklättringsskydd av typen hajtand ska finnas på grind om anslutande stängsel saknar taggtråd.","""Shark tooth"" type anti-climb protection must be installed on the gate if the connecting fence does not have barbed wire.","Product","Qualitative","Non-ambiguous",,"No reference",,
"K46663","WC-stol ska vara av porslin.","The toilet seat must be made of porcelain.","Product","Qualitative","Non-ambiguous",,"No reference",,
"K161329","Detektorer för växeltungans läge ska vara utförda enligt utläggningsritning för respektive spårväxlar.","Detectors for the position of the switch tongue must be designed according to the layout drawing for the respective switches.","Product","Qualitative","Non-ambiguous",,"Internal",,
"K34308","Plattformsskyltar på plattformar ska  om det är tekniskt möjligt  placeras på en höjd av 2 700 mm mätt från skyltens underkant.","Platform signs on platforms shall  if technically possible  be placed at a height of 2,700 mm measured from the bottom edge of the sign.","Product","Quantitative","Non-ambiguous",,"No reference",,
"K31364","Tilläggsskylt låssymbol ska ha dimension 200x200 mm.","Additional lock symbol sign should have dimensions of 200x200 mm.","Product","Quantitative","Non-ambiguous",,"No reference",,
"K9670","Trafikinformationstavlor av typ A ska vara monterade på en fri höjd av 5,5 m (tolerans - 0,1 till +0,2m) inklusive bärande konstruktioner.","Type A traffic information signs must be mounted at a clear height of 5.5 m (tolerance - 0.1 to +0.2 m) including supporting structures.","Product","Quantitative","Non-ambiguous",,"No reference",,
"K58677","Styrkabel mellan master- och slavskåp ska vara skärmad och partvinnad.","The control cable between the master and slave cabinets must be shielded and twisted pair.","Product","Qualitative","Non-ambiguous",,"No reference",,
"K160248","Uppehållstavla ska visa antingen bokstaven U, eller siffror som anger tåglängden i meter.","The stop sign should display either the letter ""U"", or numbers indicating the train length in meters.","Product","Qualitative","Non-ambiguous",,"No reference",,
"K134489","Träpåle ska förläggas på en nivå ? 200 mm under LLW50 eller lägsta grundvattenyta.","Wooden piles should be placed at a level ? 200 mm below LLW50 or lowest groundwater level.","Product","Quantitative","Non-ambiguous",,"No reference",,
"K134997","Lådbalks invändiga utrymme ska vara dränerat med dräneringshål med diameter ? 50 mm genom underfläns.","The interior space of the box girder must be drained with drainage holes with a diameter ? 50 mm through the bottom flange.","Product","Quantitative","Non-ambiguous",,"No reference",,
"K34739","Hårdlödning ska användas vid igensättning av hål i växeltungor.","Brazing should be used when plugging holes in switch tongues.","Process","Qualitative","Non-ambiguous",,"No reference",,
"K37397","Vid dubbelsidig användning ska den sida märkas som har minst sidoslitage.","When using double-sided, the side with the least side wear should be marked.","Process","Qualitative","Ambiguous (artificial)","Marked how? How is wear measured?","No reference",,
"K118449","En person som uppfyller alla krav enligt kapitel Förutsättningar för ibruktagandebesiktningsman banöverbyggnad ska vara behörig endast om hen genomgår en kurs med godkänt resultat.","A person who meets all the requirements according to the chapter ""Requirements for commissioning inspectors for track superstructure"" shall only be qualified if he or she completes a course with a passing score.","Process","Qualitative","Non-ambiguous",,"Local",,
"K47105","Skyddsutjämningsledare ska följa kanalisation och vara ansluten till varje del av kanalisation.","Protective equalization conductors must follow the ductwork and be connected to each part of the ductwork.","Product","Qualitative","Ambiguous (artificial)","Not clear what ""each part"" here exactly means. Potential for misunderstanding.","No reference",,
"K210132","Märkbrickor i Trafikverkets kopparkabelanläggningar ska placeras på eller i direkt anslutning till samtliga utomhusplacerade Telecom-boxar.","Labels in the Swedish Transport Administration's copper cable installations must be placed on or in direct connection to all outdoor Telecom boxes.","Product","Qualitative","Non-ambiguous",,"No reference",,
"K34244","Väggmonterade statiska skyltar i stationshus ska  om det är tekniskt möjligt  placeras på en höjd av 1 600 mm mätt från skyltens underkant.","Wall-mounted static signs in station buildings should  if technically possible  be placed at a height of 1,600 mm measured from the bottom edge of the sign.","Product","Quantitative","Non-ambiguous",,"No reference",,
"K46258","Dräneringsrör ska ha slät insida.","Drainage pipes should have a smooth inside.","Product","Qualitative","Ambiguous (artificial)","Smoothness is not defined, but could.","No reference",,
"K62626","Kontaktledningslutningen mellan två upphängningspunkter får inte överstiga 2 .","The contact line slope between two suspension points must not exceed 2.","Product","Quantitative","Non-ambiguous",,"No reference",,
"K30931","Mätpunkter på varje 20 meters-intervall ska väljas utifrån kontroll enligt avsnitt 9.","Measurement points at each 20 meter interval shall be selected based on control according to section 9.","Process","Quantitative","Non-ambiguous",,"Local",,
"K6873","Huvudelkopplare i apparatskåp ska vara låsbar med säker avskiljning av samtliga grupper.","The main switch in the electrical cabinet must be lockable with safe separation of all groups.","Product","Qualitative","Ambiguous (artificial)","The intention here is not clear, hence what ""lockable"" and ""safe"" means is up to interpretation.","No reference",,
"K1891","Trafikinformationstavlor av typ B ska vara monterade på stolpar och bärverk av fackverkstyp.","Type B traffic information signs must be mounted on posts and truss-type supports.","Product","Qualitative","Non-ambiguous",,"No reference",,
"K195234","Körfältsvägvisare i portal ska vara monterade med horisontell underkant.","Lane direction indicators in portals should be mounted with a horizontal bottom edge.","Product","Qualitative","Non-ambiguous",,"No reference",,
"K194950","Vertikal snölast ska appliceras på gångbryggor, serviceplan etc.","Vertical snow load should be applied to walkways, service levels, etc.","Process","Qualitative","Ambiguous (artificial)","I assume this is a process requirement for calculating the needed bearing capability of objects under snow pressure. It is ambiguous because its scope (to what it applies) ends with ""etc."" making the scope undefined.","No reference",,
"K135723","Långsam växel ska dimensioneras för statisk last.","Slow gear should be dimensioned for static load.","Product","Qualitative","Ambiguous (artificial)","Ambiguous for me, possible because lack of domain knowledge. ""Slow"" is ambiguous and unclear to what ""static load"" refers to.","No reference",,
"K3449","Beställarens granskningstider för dokument i dokumentleveranser ska vara 10 arbetsdagar.","The customer's review time for documents in document deliveries shall be 10 working days.","Process","Quantitative","Non-ambiguous",,"No reference",,
"K129238","Redogörelse för konstruktionsarbetets förutsättningar och metoder, ritning och beskrivning ska upprättas på svenska.","An account of the conditions and methods of the construction work, drawings and descriptions must be prepared in Swedish.","Documentation","Qualitative","Non-ambiguous",,"No reference",,
"K62191","Tillverkaren eller dess representant ska lämna en EG-försäkran om överensstämmelse med skyddskrav.","The manufacturer or his representative must provide an EC declaration of conformity with protection requirements.","Documentation","Qualitative","Non-ambiguous",,"No reference",,
"K126161","Böjningsradien för kablar tillhörande kabelfamilj JZ-500 HMH får inte understiga 6 x kabeldiametern.","The bending radius for cables belonging to the JZ-500 HMH cable family must not be less than 6 x the cable diameter.","Process","Quantitative","Non-ambiguous",,"No reference",,
"K34333","Hänvisningsskyltar på plattformar som monteras hängande under plattformstaket ska placeras på en höjd av 2 700 mm mätt från skyltens underkant.","Information signs on platforms that are mounted suspended below the platform roof must be placed at a height of 2,700 mm measured from the bottom edge of the sign.","Product","Quantitative","Non-ambiguous",,"No reference",,
"K134597","Stålöverbyggnad med brobaneplatta av betong ska utformas med samverkan mellan huvudbalkar och brobaneplatta.","Steel superstructure with concrete deck slab shall be designed with interaction between main beams and deck slab.","Product","Qualitative","Ambiguous (artificial)","Ambiguous because it is unclear what ""interaction"" means in this context.","No reference",,
"K29841","Stängsel får inte monteras så att stängsels spännkraft verkar på märla, se figur K7.","Fences must not be installed so that the tension of the fence acts on the soil, see figure K7.","Product","Qualitative","Non-ambiguous","Could also be process because the requirements refers to installing the fence.","Local",,
"K29166","Stängsel får inte placeras inom arbetsbredd hos angränsande räcke.","Fences must not be placed within the working width of adjacent railings.","Product","Qualitative","Ambiguous (artificial)","Working width of a rail is not clear to what it refers to.","No reference",,
"K63424","Skyddsportal i järnvägs tvärsektion ska sättas upp 8 - 12 m från närmaste räl.","Safety gates in railway cross sections should be set up 8 - 12 m from the nearest rail.","Product","Quantitative","Non-ambiguous",,"No reference",,
"K195587","Stag och strävor ska ha samma beständighet som angetts för stolparna.","Ties and struts must have the same durability as specified for the posts.","Product","Qualitative","Non-ambiguous",,"No reference",,
"K118413","Ibruktagandebesiktningsman ska dokumentera besiktning enligt TMALL 0377 Ibruktagandebesiktning bananläggning bilaga F, och även signera dokumentet.","The commissioning inspector must document the inspection according to TMALL 0377 Commissioning inspection of track facilities, appendix F, and also sign the document.","Documentation","Qualitative","Non-ambiguous",,"Internal",,
"K135893","Elstängsel ska följa kraven i SSF 1087 för respektive områdesskyddsklass.","Electric fencing must comply with the requirements of SSF 1087 for each area protection class.","Product","Qualitative","Non-ambiguous",,"External",,
"K44199","Stångarmering och ingjutningsgods av konstruktionsstål ska alltid täckas med ett täckande betongskikt.","Bar reinforcement and structural steel castings should always be covered with a covering layer of concrete.","Product","Qualitative","Non-ambiguous",,"No reference",,
"K2608","För sammansatt utrustning som apparatskåp, ventilationsaggregat och liknande ska märkskyltar vara monterade på eller i front.","For composite equipment such as control cabinets, ventilation units and the like, nameplates must be mounted on or in the front.","Product","Qualitative","Non-ambiguous",,"No reference",,
"K47630","Apparatskåp ska vara märkt enligt TRVINFRA-00070 Elkraftsanläggning Stationer.","The control cabinet must be marked according to TRVINFRA-00070 Electric Power Plant Stations.","Product","Qualitative","Non-ambiguous",,"Internal",,
"K82085","Kortläsare ska vara utrustat med vandalskydd.","Card readers must be equipped with vandal protection.","Product","Qualitative","Ambiguous (natural)","Since the type of protection is not specified, natural ambiguity.","No reference",,
"K56251","Snörasskydd ska finnas ovanför ytterdörrar och andra passager.","Snow guards should be installed above exterior doors and other passageways.","Product","Qualitative","Ambiguous (artificial)","""other"" makes the requirement ambiguous since scope is now open and open to interpretation where the guards need to be installed.","No reference",,
"K56027","Hyllan med tangentbord och pekdon ska kunna fällas in i kontrollskåpet.","The shelf with the keyboard and pointing device should be able to be folded into the control cabinet.","Product","Qualitative","Non-ambiguous",,"No reference",,
"K44062","Laster från ovanförliggande eller intilliggande byggnadsverk ska delas upp i permanenta laster och variabla laster.","Loads from overhead or adjacent structures shall be divided into permanent loads and variable loads.","Process","Qualitative","Non-ambiguous",,"No reference",,
"K56193","Konstruktionsvirke ska minst vara utfört i kvalitet C14 där ej annat anges.","Structural timber must be at least of quality C14 unless otherwise stated.","Product","Qualitative","Non-ambiguous",,"No reference",,
"K2896","Synbarhet hos vägbaneljus för avstängningsanordningar ska vara tydlig på 100 - 10 meters avstånd förutsatt att konstruktioner utanför vägbanan inte begränsar sikten.","Visibility of roadway lights for closing devices shall be clear at a distance of 100 - 10 meters provided that structures outside the roadway do not restrict visibility.","Product","Mixed","Ambiguous (artificial)","""Clear visibility"" is ambiguous.","No reference",,
"K49350","Tryckknappar för lokal manövrering ska vara märkt med skylt med texten FÖR PROVNING.","Pushbuttons for local operation must be marked with a sign with the text FOR TESTING.","Product","Qualitative","Non-ambiguous",,"No reference",,
"K6389","Markeringsskärmar på vägbom för tvåsidiga avstängningsanordningar ska vara med individuell markeringsskärm per bom.","Marking screens on road barriers for two-sided closure devices must have an individual marking screen per barrier.","Product","Mixed","Non-ambiguous",,"No reference",,
"K29436","Skjutgrind ska monteras fribärande i stativ enligt tillverkarens anvisning.","Sliding gates should be mounted cantilevered in a frame according to the manufacturer's instructions.","Product","Qualitative","Non-ambiguous",,"No reference",,
"K53186","Varningsskyltar ska sitta vid plankorsningar.","Warning signs must be placed at level crossings.","Product","Qualitative","Ambiguous (artificial)","The placement is not clear. It is not natural amguity since this is not about solution freedom but safety.","No reference",,
"K30518","Rälsförhöjning ska anordnas så att ytterräl ligger högre än innerräl.","Rail elevation should be arranged so that the outer rail is higher than the inner rail.","Product","Quantitative","Non-ambiguous",,"No reference",,
"K30144","Vid nybyggnation ska normalsektion för fria rummet enligt figur K5.","In new construction, the normal section for the free space should be according to Figure K5.","Product","Qualitative","Non-ambiguous",,"Local",,
"K195029","Betongen ska uppfylla kraven i SS-EN 206 och SS 137003, Betong  användning av EN 206 i Sverige.","The concrete must meet the requirements of SS-EN 206 and SS 137003, Concrete - use of EN 206 in Sweden.","Product","Qualitative","Non-ambiguous",,"External",,
"K6210","Kameraenheter av fast typ med fjärrmanövrerad zoom ska bildutsnittet vara med möjlighet att styras via ONVIF, Profil S.","Fixed-type camera units with remote-controlled zoom must have the ability to control the image section via ONVIF, Profile S.","Product","Qualitative","Non-ambiguous",,"No reference",,
"K195209","En skylt ska vara tillverkad av material som uppfyller krav enligt avsnitt 5.","A sign shall be made of material that meets the requirements of section 5.","Product","Qualitative","Non-ambiguous",,"Local",,
"K10168","Trafikinformationstavla av typ A1W, A2W, A3W ska vara med gångbrygga till entrédörr.","Traffic information boards of type A1W, A2W, A3W must have a walkway to the entrance door.","Product","Qualitative","Non-ambiguous",,"No reference",,
"K209322","I samband med nybyggnation av Trafikverkets optokabelanläggningar i tunnlar ska fibrerna i lokalkablar avsedda för tele- och datakommunikation anslutas med UPC- kontakter till blå mellanstycken i ODF-enheter.","In connection with the construction of new optical cable installations in tunnels by the Swedish Transport Administration, the fibers in local cables intended for telecommunications and data communication must be connected with UPC connectors to blue adapters in ODF units.","Product","Qualitative","Non-ambiguous",,"No reference",,
"K73689","Bullerskyddsskärm ska kunna motstå påverkan från vegetationsröjning av intilliggande yta utan att skadas.","Noise protection screens must be able to withstand the impact of vegetation clearing of adjacent areas without being damaged.","Product","Qualitative","Ambiguous (natural)","From a verification perspective, this capability is difficult to test.","No reference",,
"K29725","Spärrstängsel ska dras fram till säkerhetszon.","Barriers should be erected to the safety zone.","Product","Qualitative","Ambiguous (artificial)","Not clear from where the barriers should be erected.","No reference",,
"K6324","I anslutningar till portaler eller master försedda med åskskydd och överspänningsskydd ska skylt med text ""ANLÄGGNINGEN ÄR FÖRSEDD MED ÅSKSKYDD OCH ÖVERSPÄNNINGSSKYDD"" vara redovisad.","In connections to portals or masts equipped with lightning protection and surge protection, a sign with the text ""THE SYSTEM IS EQUIPPED WITH LIGHTNING PROTECTION AND SURGE PROTECTION"" must be displayed.","Product","Qualitative","Non-ambiguous",,"No reference",,
"K29162","Stängsel ska utformas och placeras så att det inte skymmer fri sikt vid plankorsning.","Fences should be designed and placed so that they do not obstruct clear visibility at level crossings.","Product","Qualitative","Ambiguous (artificial)","Clear visibility is ambiguoys. Visibility for who?","No reference",,
"K55617","Märkning ska vara utförd med skyltämne enligt ritning 3-800132 - Skyltämne för stolpbeteckning.","Marking shall be carried out with sign blanks according to drawing 3-800132 - Sign blanks for pole designation.","Product","Qualitative","Non-ambiguous",,"Internal",,
"K125516","Orienteringstavla, se figur nedan, ska med tilläggsskylt med driftplatssignatur, finnas före en infartssignal på försignalavstånd till infartssignalen.","An orientation board, see figure below, with an additional sign with the operating location signature, must be located before an approach signal at a pre-signal distance to the approach signal.","Product","Qualitative","Ambiguous (artificial)","Unclear to what the pre-signal distance refers to. Also, horribly convoluted.","Local",,
"K72165","Tillåten vindavdrift ska väljas utifrån vilken eller vilka bredder av strömavtagare som anläggningen ska dimensioneras för.","Permitted wind drift should be selected based on which pantograph width(s) the system is to be dimensioned for.","Product","Qualitative","Non-ambiguous",,"No reference",,
"K8739","Panelkort ska vara enligt {SS 455 12 01 T1 Dokumentation av teletekniska anläggningar}.","Panel cards must be in accordance with {SS 455 12 01 T1 Documentation of telecommunications installations}.","Product","Qualitative","Non-ambiguous",,"External",,
"K31361","Utrymningsskylt ISO 7010-E001 och ISO 7010-E002 ska ha dimension 200x200 mm.","Evacuation signs ISO 7010-E001 and ISO 7010-E002 must have dimensions of 200x200 mm.","Product","Quantitative","Non-ambiguous",,"External",,
"K37392","Räler som ska sändas till Rälsverkstaden i Sannahed för revidering med rälsverkstadens utrustning får inte överstiga 60 m.","Rails to be sent to the Rail Workshop in Sannahed for revision with the rail workshop's equipment must not exceed 60 m.","Process","Quantitative","Non-ambiguous",,"No reference",,
"K9539","Beställarens provningsansvarige ska utfärda intyg om genomfört provningssteg efter avslutad provning som Beställaren ansvarar för.","The Client's testing manager shall issue a certificate of completion of the testing step after completion of the testing for which the Client is responsible.","Documentation","Qualitative","Non-ambiguous",,"No reference",,
"K161368","Kontrollåsnyckeln ska utgöra en kvittens på att det tillhörande objektet intar rätt läge och att förändring av läget är förhindrad så länge kontrollåsnyckeln inte används.","The control lock key shall constitute a confirmation that the associated object is in the correct position and that changes to the position are prevented as long as the control lock key is not used.","Product","Qualitative","Non-ambiguous",,"No reference",,
"K126087","I de fall det finns en Z-förbindning på platsen för anslutningen av upptag och eventuell matning ska anslutningen av de senare vara flyttade en sliper bort från isolerskarven.","In cases where there is a Z-connection at the location of the connection of the intake and any supply, the connection of the latter must be moved one sleeper away from the insulation joint.","Product","Mixed","Non-ambiguous",,"No reference",,
"K72733","Omriktare ska ha beteckningen OMR och ett löpnummer och utförandet enligt Figur 12.","Inverters shall have the designation OMR and a serial number and the design according to Figure 12.","Product","Qualitative","Non-ambiguous",,"Local",,
"K35200","Med växeltungor i öppet läge, ska stödrälen slipas över hela den definierade målprofilen.","With the switch tongues in the open position, the support rail should be ground over the entire defined target profile.","Product","Qualitative","Non-ambiguous","Not so clear what this means, could also be ambiguous due to that.","No reference",,
"K34379","Lyftbord ,i kontrollgrop vid trafikkontrollplats, ska vara levererad med tre (3) st.","Lift tables, in the inspection pit at the traffic control point, shall be supplied with three (3) pieces.","Product","Quantitative","Ambiguous (artificial)","Not clear what 3 refers to. What needs to be delivered 3 times?","No reference",,
"K7313","Vid kopplingsställe ska jordtagsledare vara försedd med märkskylt.","At the connection point, the earthing conductor must be provided with a nameplate.","Product","Qualitative","Non-ambiguous",,"No reference",,
"K13262","Apparatskåp i fuktig miljö ska vara konstruerade så att kondens i apparatskåp motverkas.","Equipment cabinets in humid environments must be designed to prevent condensation in equipment cabinets.","Product","Qualitative","Ambiguous (natural)","Solution for how to present condensation is open.","No reference",,
"K30169","Inom ej streckade delar av normalsektion för fria rummet får inte förekomma annat än lastkaj, spärrstaket, rangerbroms och portöppning, se särskilda regler i kapitel 6.","Within non-hatched parts of the normal section for free space, there may be nothing other than loading docks, barrier fences, shunting brakes and gate openings, see special rules in Chapter 6.","Product","Qualitative","Non-ambiguous",,"Local",,
"K80853","Omslutningsytan ska ge ett skydd mot inbrott och försvåra bortförande av stöldgods för verksamheter med större mängd stöldbegärlig egendom/tillgångar eller annat skyddsvärde än skyddsklass 1.","The enclosure area should provide protection against burglary and make it more difficult to remove stolen goods for businesses with a larger amount of property/assets that are susceptible to theft or other protection value than protection class 1.","Product","Qualitative","Ambiguous (artificial)","The requirement contains a couple of adjectives that are often associated with ambiguity (more, larger).","No reference",,
"K194990","Ett skyddsräcke på en fast inspektionsanläggning ska dimensioneras för en last enligt SS- EN 1991-2, Eurokod 1: Laster på bärverk  Del 2: Trafiklast på broar, avsnitt 4.","A guardrail on a fixed inspection facility shall be designed for a load according to SS-EN 1991-2, Eurocode 1: Actions on structures  Part 2: Traffic loads on bridges, Section 4.","Product","Qualitative","Non-ambiguous",,"External",,
"K210451","I samband med utsättning av kabel i Trafikverkets kabelanläggningar ska blankett Kabelutsättning användas.","In connection with laying out cables in the Swedish Transport Administration's cable facilities, the ""Cable Laying"" form must be used.","Documentation","Qualitative","Non-ambiguous",,"Internal",,
"K135808","Slitsmur ska utformas och dimensioneras enligt SS-EN 1538 varvid följande ska gälla: · Slitsmur utsatt för böjande moment ska vara armerad.","The shear wall shall be designed and dimensioned according to SS-EN 1538, whereby the following shall apply: · The shear wall exposed to bending moments shall be reinforced.","Product","Qualitative","Non-ambiguous",,"External",,
"K54361","Det ska vara av välkänt fabrikat med alla texter på svenska.","It should be from a well-known brand with all texts in Swedish.","Product","Qualitative","Ambiguous (artificial)","""well-known"" is ambiguous","No reference",,
"K209325","I samband med nybyggnation av Trafikverkets optokabelanläggningar i tunnlar ska fibrerna i lokalkablar avsedda för optisk radiokommunikation anslutas med APC- kontakter till gröna mellanstycken i ODF-enheter.","In connection with the new construction of the Swedish Transport Administration's optical cable facilities in tunnels, the fibers in local cables intended for optical radio communication must be connected with APC connectors to green adapters in ODF units.","Product","Qualitative","Non-ambiguous",,"No reference",,
"K212802","Vågsedelutskrift vid våganläggning ska minst vara format A5.","Weighing slip printouts at weighing facilities must be at least A5 format.","Product","Qualitative","Non-ambiguous",,"No reference",,
"K134526","Bottenplatta på pålar får inte vara undervattensgjuten.","The base plate of piles must not be cast underwater.","Process","Qualitative","Non-ambiguous",,"No reference",,
"K160251","Vid ett spår ska uppehållstavla vara placerad till vänster, alternativt till höger.","At a track, the stop sign should be placed on the left, or alternatively on the right.","Product","Qualitative","Ambiguous (artificial)","There is no description of the reasons that allow the alternative installation.","No reference",,
"K48834","Instruktioner hur man manövrerar den externa Bypassen ska levereras inplastad för uppsättning på väggen.","Instructions on how to operate the external Bypass shall be delivered wrapped in plastic for mounting on the wall.","Product","Qualitative","Ambiguous (artificial)","The formulation gives the impression that plastic wrapping is necessary for mounting the instructions to the wall. Misleading.","No reference",,
"K81779","Säkerhetsskyltning ska vara applicerad runt hela anläggningens områdesskydd med en intervall av var 12:e meter.","Safety signage must be applied around the entire facility's area protection at intervals of every 12 meters.","Product","Quantitative","Non-ambiguous",,"No reference",,
"K34322","På plattformar längre än 135 meter som saknar plattformsskyltar samt på plattformar med plattformsskyltar utan spårnummer ska det finnas spårnummerskyltar med ett inbördes avstånd på 80 ± 10 meter.","On platforms longer than 135 meters that lack platform signs and on platforms with platform signs without track numbers, there must be track number signs spaced 80 ± 10 meters apart.","Product","Quantitative","Non-ambiguous",,"No reference",,
"K50769","Y-lina får inte vara snedställd.","The Y-line must not be slanted.","Product","Qualitative","Non-ambiguous",,"No reference",,
"K43408","Redogörelse ska innehålla redovisning av konstruktionsarbetet avseende förutsättningar, metoder och genomförande.","The report must include an account of the design work regarding conditions, methods and implementation.","Documentation","Qualitative","Non-ambiguous",,"No reference",,
"K159088","Val av klotterskydd ska anpassas efter underlagets material."," The choice of graffiti protection should be adapted to the substrate material.","Product","Qualitative","Ambiguous (natural)",,"No reference",,
"K5109","Leverantörens provningsansvarige ska utfärda intyg om genomfört provningssteg efter avslutad provning som Leverantören ansvarar för."," The Supplier's testing manager shall issue a certificate of completion of the testing step after completion of the testing for which the Supplier is responsible.","Documentation","Qualitative","Non-ambiguous",,"No reference",,
"K124545","Ett permanent lokalfrigivningsområde ska vara avgränsat av en växel eller en spårspärr som utrullningsskydd mot spår där rörelsevägar kan låsas och mot linjen."," A permanent local release area must be delimited by a switch or a track barrier as a roll-out protection against tracks where movement paths can be locked and against the line.","Product","Qualitative","Non-ambiguous",,"No reference",,
"K135690","Räcke ska i brottgränstillstånd dimensioneras för linjelast mot toppföljare ? 1,0 kN/m."," In the ultimate limit state, the railing must be designed for a line load against the top follower ? 1.0 kN/m.","Product","Quantitative","Non-ambiguous",,"No reference",,
"K135118","Dräneringskanal ska anordnas på tätskikts yta."," A drainage channel must be arranged on the surface of the waterproofing layer.","Product","Qualitative","Non-ambiguous",,"No reference",,
"K83493","Skyddsklass 2 enligt SSF 200 gäller för hela anläggningens omslutningsyta."," Protection class 2 according to SSF 200 applies to the entire enclosure of the facility.","Product","Qualitative","Non-ambiguous",,"External",,
"K109737","Egenskaper för samtliga inköpta obundna överbyggnadsmaterial med D ? 90 mm ska vara deklarerade enligt SS-EN 13242 och SS-EN 13285."," Properties for all purchased unbound superstructure materials with D ? 90 mm must be declared according to SS-EN 13242 and SS-EN 13285.","Documentation","Mixed","Non-ambiguous",,"External",,
"K82800","Panelstängsel ska uppfylla kraven enligt SSF 1087, Klass C, Risknivå 2."," Panel fencing must meet the requirements of SSF 1087, Class C, Risk Level 2.","Product","Qualitative","Non-ambiguous",,"External",,
